DV_ENC,1975,1,63.65
DV_ENC,1975,2,62.64
DV_ENC,1975,3,63.61
DV_ENC,1975,4,65.05
DV_ENC,1976,1,65.05
DV_ENC,1976,2,66.98
DV_ENC,1976,3,68.61
DV_ENC,1976,4,69.80
DV_ENC,1977,1,73.00
DV_ENC,1977,2,74.81
DV_ENC,1977,3,77.13
DV_ENC,1977,4,80.17
DV_ENC,1978,1,83.01
DV_ENC,1978,2,87.15
DV_ENC,1978,3,89.76
DV_ENC,1978,4,92.50
DV_ENC,1979,1,94.86
DV_ENC,1979,2,98.74
DV_ENC,1979,3,99.52
DV_ENC,1979,4,99.72
DV_ENC,1980,1,100.00
DV_ENC,1980,2,100.66
DV_ENC,1980,3,102.73
DV_ENC,1980,4,100.74
DV_ENC,1981,1,103.07
DV_ENC,1981,2,104.23
DV_ENC,1981,3,104.31
DV_ENC,1981,4,102.53
DV_ENC,1982,1,96.05
DV_ENC,1982,2,98.31
DV_ENC,1982,3,94.98
DV_ENC,1982,4,99.69
DV_ENC,1983,1,102.42
DV_ENC,1983,2,104.45
DV_ENC,1983,3,104.91
DV_ENC,1983,4,104.47
DV_ENC,1984,1,105.36
DV_ENC,1984,2,106.79
DV_ENC,1984,3,106.84
DV_ENC,1984,4,107.40
DV_ENC,1985,1,108.68
DV_ENC,1985,2,110.02
DV_ENC,1985,3,111.38
DV_ENC,1985,4,112.58
DV_ENC,1986,1,114.18
DV_ENC,1986,2,116.49
DV_ENC,1986,3,118.73
DV_ENC,1986,4,120.70
DV_ENC,1987,1,122.95
DV_ENC,1987,2,126.02
DV_ENC,1987,3,128.44
DV_ENC,1987,4,129.91
DV_ENC,1988,1,132.11
DV_ENC,1988,2,135.13
DV_ENC,1988,3,137.09
DV_ENC,1988,4,138.27
DV_ENC,1989,1,140.33
DV_ENC,1989,2,142.49
DV_ENC,1989,3,145.49
DV_ENC,1989,4,146.49
DV_ENC,1990,1,148.24
DV_ENC,1990,2,150.04
DV_ENC,1990,3,151.66
DV_ENC,1990,4,152.06
DV_ENC,1991,1,153.97
DV_ENC,1991,2,155.86
DV_ENC,1991,3,157.14
DV_ENC,1991,4,159.23
DV_ENC,1992,1,160.67
DV_ENC,1992,2,162.09
DV_ENC,1992,3,163.92
DV_ENC,1992,4,165.37
DV_ENC,1993,1,166.28
DV_ENC,1993,2,167.97
DV_ENC,1993,3,169.84
DV_ENC,1993,4,171.58
DV_ENC,1994,1,173.91
DV_ENC,1994,2,177.08
DV_ENC,1994,3,179.32
DV_ENC,1994,4,180.40
DV_ENC,1995,1,182.46
DV_ENC,1995,2,185.78
DV_ENC,1995,3,188.74
DV_ENC,1995,4,191.10
DV_ENC,1996,1,193.47
DV_ENC,1996,2,195.90
DV_ENC,1996,3,198.04
DV_ENC,1996,4,200.28
DV_ENC,1997,1,202.58
DV_ENC,1997,2,204.91
DV_ENC,1997,3,207.76
DV_ENC,1997,4,210.22
DV_ENC,1998,1,212.31
DV_ENC,1998,2,214.58
DV_ENC,1998,3,217.25
DV_ENC,1998,4,219.11
DV_ENC,1999,1,221.77
DV_ENC,1999,2,224.65
DV_ENC,1999,3,227.23
DV_ENC,1999,4,229.14
DV_ENC,2000,1,233.18
DV_ENC,2000,2,236.05
DV_ENC,2000,3,239.61
DV_ENC,2000,4,242.54
DV_ENC,2001,1,246.59
DV_ENC,2001,2,249.71
DV_ENC,2001,3,252.84
DV_ENC,2001,4,254.99
DV_ENC,2002,1,258.11
DV_ENC,2002,2,260.86
DV_ENC,2002,3,263.63
DV_ENC,2002,4,265.57
DV_ENC,2003,1,267.86
DV_ENC,2003,2,269.97
DV_ENC,2003,3,272.77
DV_ENC,2003,4,278.12
DV_ENC,2004,1,280.19
DV_ENC,2004,2,283.40
DV_ENC,2004,3,289.08
DV_ENC,2004,4,292.45
DV_ENC,2005,1,296.06
DV_ENC,2005,2,299.69
DV_ENC,2005,3,303.82
DV_ENC,2005,4,305.47
DV_ENC,2006,1,306.37
DV_ENC,2006,2,305.26
DV_ENC,2006,3,305.50
DV_ENC,2006,4,307.89
DV_ENC,2007,1,308.03
DV_ENC,2007,2,306.05
DV_ENC,2007,3,301.87
DV_ENC,2007,4,302.05
DV_ENC,2008,1,302.35
DV_ENC,2008,2,295.87
DV_ENC,2008,3,287.47
DV_ENC,2008,4,286.69
DV_ENC,2009,1,290.06
DV_ENC,2009,2,282.53
DV_ENC,2009,3,274.45
DV_ENC,2009,4,272.47
DV_ENC,2010,1,268.39
DV_ENC,2010,2,265.97
DV_ENC,2010,3,269.50
DV_ENC,2010,4,268.32
DV_ENC,2011,1,259.87
DV_ENC,2011,2,255.73
DV_ENC,2011,3,258.97
DV_ENC,2011,4,259.95
DV_ENC,2012,1,256.53
DV_ENC,2012,2,254.80
DV_ENC,2012,3,257.97
DV_ENC,2012,4,258.76
DV_ENC,2013,1,258.64
DV_ENC,2013,2,260.53
DV_ENC,2013,3,262.52
DV_ENC,2013,4,263.02
DV_ENC,2014,1,263.74
DV_ENC,2014,2,269.40
DV_ENC,2014,3,273.26
DV_ENC,2014,4,274.68
DV_ENC,2015,1,276.80
DV_ENC,2015,2,280.77
DV_ENC,2015,3,283.32
DV_ENC,2015,4,284.63
DV_ENC,2016,1,286.12
DV_ENC,2016,2,291.08
DV_ENC,2016,3,296.03
DV_ENC,2016,4,297.13
DV_ENC,2017,1,298.49
DV_ENC,2017,2,305.26
DV_ENC,2017,3,309.76
DV_ENC,2017,4,310.96
DV_ENC,2018,1,314.71
DV_ENC,2018,2,320.80
DV_ENC,2018,3,324.68
DV_ENC,2018,4,325.36
DV_ENC,2019,1,329.10
DV_ENC,2019,2,335.28
DV_ENC,2019,3,339.59
DV_ENC,2019,4,342.15
DV_ENC,2020,1,345.49
DV_ENC,2020,2,348.59
DV_ENC,2020,3,355.36
DV_ENC,2020,4,362.52
DV_ENC,2021,1,368.84
DV_ENC,2021,2,388.05
DV_ENC,2021,3,406.34
DV_ENC,2021,4,416.31
DV_ENC,2022,1,428.05
DV_ENC,2022,2,455.58
DV_ENC,2022,3,462.51
DV_ENC,2022,4,458.53
DV_ENC,2023,1,462.83
DV_ENC,2023,2,484.38
DV_ENC,2023,3,494.86
DV_ENC,2023,4,497.13
DV_ENC,2024,1,501.44
DV_ENC,2024,2,521.52
DV_ENC,2024,3,528.43
DV_ESC,1975,1,69.26
DV_ESC,1975,2,68.74
DV_ESC,1975,3,69.38
DV_ESC,1975,4,70.09
DV_ESC,1976,1,71.85
DV_ESC,1976,2,70.48
DV_ESC,1976,3,71.83
DV_ESC,1976,4,74.52
DV_ESC,1977,1,74.78
DV_ESC,1977,2,77.56
DV_ESC,1977,3,79.88
DV_ESC,1977,4,82.43
DV_ESC,1978,1,84.79
DV_ESC,1978,2,85.29
DV_ESC,1978,3,90.39
DV_ESC,1978,4,92.02
DV_ESC,1979,1,95.16
DV_ESC,1979,2,96.77
DV_ESC,1979,3,99.25
DV_ESC,1979,4,99.35
DV_ESC,1980,1,100.00
DV_ESC,1980,2,100.56
DV_ESC,1980,3,103.45
DV_ESC,1980,4,104.19
DV_ESC,1981,1,101.08
DV_ESC,1981,2,108.69
DV_ESC,1981,3,108.62
DV_ESC,1981,4,101.04
DV_ESC,1982,1,107.05
DV_ESC,1982,2,104.49
DV_ESC,1982,3,107.13
DV_ESC,1982,4,109.13
DV_ESC,1983,1,112.29
DV_ESC,1983,2,112.73
DV_ESC,1983,3,113.51
DV_ESC,1983,4,113.84
DV_ESC,1984,1,116.73
DV_ESC,1984,2,116.82
DV_ESC,1984,3,116.00
DV_ESC,1984,4,118.57
DV_ESC,1985,1,120.67
DV_ESC,1985,2,122.43
DV_ESC,1985,3,123.88
DV_ESC,1985,4,125.13
DV_ESC,1986,1,127.01
DV_ESC,1986,2,129.13
DV_ESC,1986,3,129.93
DV_ESC,1986,4,132.03
DV_ESC,1987,1,134.33
DV_ESC,1987,2,135.69
DV_ESC,1987,3,136.35
DV_ESC,1987,4,136.49
DV_ESC,1988,1,138.18
DV_ESC,1988,2,139.34
DV_ESC,1988,3,139.43
DV_ESC,1988,4,139.63
DV_ESC,1989,1,139.53
DV_ESC,1989,2,141.36
DV_ESC,1989,3,143.27
DV_ESC,1989,4,143.51
DV_ESC,1990,1,143.82
DV_ESC,1990,2,144.02
DV_ESC,1990,3,144.63
DV_ESC,1990,4,144.20
DV_ESC,1991,1,146.03
DV_ESC,1991,2,146.89
DV_ESC,1991,3,147.47
DV_ESC,1991,4,149.98
DV_ESC,1992,1,151.31
DV_ESC,1992,2,151.54
DV_ESC,1992,3,154.07
DV_ESC,1992,4,154.76
DV_ESC,1993,1,155.56
DV_ESC,1993,2,157.58
DV_ESC,1993,3,159.63
DV_ESC,1993,4,161.17
DV_ESC,1994,1,163.09
DV_ESC,1994,2,165.75
DV_ESC,1994,3,167.38
DV_ESC,1994,4,168.70
DV_ESC,1995,1,170.38
DV_ESC,1995,2,173.63
DV_ESC,1995,3,176.25
DV_ESC,1995,4,178.17
DV_ESC,1996,1,180.62
DV_ESC,1996,2,181.71
DV_ESC,1996,3,183.49
DV_ESC,1996,4,185.24
DV_ESC,1997,1,187.39
DV_ESC,1997,2,188.72
DV_ESC,1997,3,191.27
DV_ESC,1997,4,193.82
DV_ESC,1998,1,196.62
DV_ESC,1998,2,198.55
DV_ESC,1998,3,200.82
DV_ESC,1998,4,203.19
DV_ESC,1999,1,204.88
DV_ESC,1999,2,206.26
DV_ESC,1999,3,207.34
DV_ESC,1999,4,208.42
DV_ESC,2000,1,210.34
DV_ESC,2000,2,211.88
DV_ESC,2000,3,213.99
DV_ESC,2000,4,216.25
DV_ESC,2001,1,221.61
DV_ESC,2001,2,222.94
DV_ESC,2001,3,224.62
DV_ESC,2001,4,226.91
DV_ESC,2002,1,227.91
DV_ESC,2002,2,228.62
DV_ESC,2002,3,231.89
DV_ESC,2002,4,234.19
DV_ESC,2003,1,236.04
DV_ESC,2003,2,238.00
DV_ESC,2003,3,239.64
DV_ESC,2003,4,242.02
DV_ESC,2004,1,244.37
DV_ESC,2004,2,246.67
DV_ESC,2004,3,250.24
DV_ESC,2004,4,253.95
DV_ESC,2005,1,256.70
DV_ESC,2005,2,261.87
DV_ESC,2005,3,266.98
DV_ESC,2005,4,271.13
DV_ESC,2006,1,275.40
DV_ESC,2006,2,279.93
DV_ESC,2006,3,283.45
DV_ESC,2006,4,288.20
DV_ESC,2007,1,290.93
DV_ESC,2007,2,293.37
DV_ESC,2007,3,293.58
DV_ESC,2007,4,296.22
DV_ESC,2008,1,297.51
DV_ESC,2008,2,296.42
DV_ESC,2008,3,292.39
DV_ESC,2008,4,294.10
DV_ESC,2009,1,296.29
DV_ESC,2009,2,293.29
DV_ESC,2009,3,287.42
DV_ESC,2009,4,285.99
DV_ESC,2010,1,283.01
DV_ESC,2010,2,280.57
DV_ESC,2010,3,284.42
DV_ESC,2010,4,282.65
DV_ESC,2011,1,276.44
DV_ESC,2011,2,273.62
DV_ESC,2011,3,276.20
DV_ESC,2011,4,277.51
DV_ESC,2012,1,275.35
DV_ESC,2012,2,274.00
DV_ESC,2012,3,276.47
DV_ESC,2012,4,276.77
DV_ESC,2013,1,276.13
DV_ESC,2013,2,277.21
DV_ESC,2013,3,277.31
DV_ESC,2013,4,276.96
DV_ESC,2014,1,278.34
DV_ESC,2014,2,281.56
DV_ESC,2014,3,284.00
DV_ESC,2014,4,286.64
DV_ESC,2015,1,289.33
DV_ESC,2015,2,291.57
DV_ESC,2015,3,294.77
DV_ESC,2015,4,297.00
DV_ESC,2016,1,299.05
DV_ESC,2016,2,303.66
DV_ESC,2016,3,307.79
DV_ESC,2016,4,310.21
DV_ESC,2017,1,312.47
DV_ESC,2017,2,317.71
DV_ESC,2017,3,322.27
DV_ESC,2017,4,324.59
DV_ESC,2018,1,328.82
DV_ESC,2018,2,333.59
DV_ESC,2018,3,337.13
DV_ESC,2018,4,339.23
DV_ESC,2019,1,343.67
DV_ESC,2019,2,349.21
DV_ESC,2019,3,354.22
DV_ESC,2019,4,357.58
DV_ESC,2020,1,362.30
DV_ESC,2020,2,366.10
DV_ESC,2020,3,373.09
DV_ESC,2020,4,381.09
DV_ESC,2021,1,389.53
DV_ESC,2021,2,409.12
DV_ESC,2021,3,433.10
DV_ESC,2021,4,450.91
DV_ESC,2022,1,467.15
DV_ESC,2022,2,496.27
DV_ESC,2022,3,510.58
DV_ESC,2022,4,511.18
DV_ESC,2023,1,515.97
DV_ESC,2023,2,528.40
DV_ESC,2023,3,534.88
DV_ESC,2023,4,540.18
DV_ESC,2024,1,545.79
DV_ESC,2024,2,560.18
DV_ESC,2024,3,566.85
DV_MA,1975,1,71.94
DV_MA,1975,2,69.30
DV_MA,1975,3,71.86
DV_MA,1975,4,72.51
DV_MA,1976,1,70.27
DV_MA,1976,2,72.70
DV_MA,1976,3,73.79
DV_MA,1976,4,71.37
DV_MA,1977,1,73.57
DV_MA,1977,2,77.60
DV_MA,1977,3,78.19
DV_MA,1977,4,80.52
DV_MA,1978,1,80.65
DV_MA,1978,2,84.04
DV_MA,1978,3,83.09
DV_MA,1978,4,84.22
DV_MA,1979,1,92.50
DV_MA,1979,2,94.34
DV_MA,1979,3,94.76
DV_MA,1979,4,97.61
DV_MA,1980,1,100.00
DV_MA,1980,2,101.92
DV_MA,1980,3,106.88
DV_MA,1980,4,106.23
DV_MA,1981,1,106.73
DV_MA,1981,2,106.48
DV_MA,1981,3,110.00
DV_MA,1981,4,107.89
DV_MA,1982,1,112.19
DV_MA,1982,2,113.75
DV_MA,1982,3,112.96
DV_MA,1982,4,114.88
DV_MA,1983,1,117.24
DV_MA,1983,2,120.28
DV_MA,1983,3,124.20
DV_MA,1983,4,128.57
DV_MA,1984,1,130.49
DV_MA,1984,2,135.43
DV_MA,1984,3,139.24
DV_MA,1984,4,142.81
DV_MA,1985,1,146.83
DV_MA,1985,2,152.51
DV_MA,1985,3,157.25
DV_MA,1985,4,162.12
DV_MA,1986,1,167.52
DV_MA,1986,2,175.11
DV_MA,1986,3,183.00
DV_MA,1986,4,190.71
DV_MA,1987,1,198.53
DV_MA,1987,2,206.67
DV_MA,1987,3,216.06
DV_MA,1987,4,221.22
DV_MA,1988,1,226.00
DV_MA,1988,2,231.96
DV_MA,1988,3,235.11
DV_MA,1988,4,236.00
DV_MA,1989,1,236.87
DV_MA,1989,2,237.20
DV_MA,1989,3,240.43
DV_MA,1989,4,241.91
DV_MA,1990,1,241.34
DV_MA,1990,2,239.19
DV_MA,1990,3,238.13
DV_MA,1990,4,235.89
DV_MA,1991,1,236.20
DV_MA,1991,2,237.13
DV_MA,1991,3,236.57
DV_MA,1991,4,239.55
DV_MA,1992,1,242.27
DV_MA,1992,2,240.28
DV_MA,1992,3,242.64
DV_MA,1992,4,244.24
DV_MA,1993,1,242.22
DV_MA,1993,2,245.57
DV_MA,1993,3,245.71
DV_MA,1993,4,247.26
DV_MA,1994,1,246.20
DV_MA,1994,2,243.83
DV_MA,1994,3,242.10
DV_MA,1994,4,238.92
DV_MA,1995,1,238.16
DV_MA,1995,2,241.90
DV_MA,1995,3,246.01
DV_MA,1995,4,246.34
DV_MA,1996,1,249.90
DV_MA,1996,2,247.81
DV_MA,1996,3,246.60
DV_MA,1996,4,247.08
DV_MA,1997,1,248.11
DV_MA,1997,2,249.44
DV_MA,1997,3,251.87
DV_MA,1997,4,254.41
DV_MA,1998,1,259.28
DV_MA,1998,2,260.48
DV_MA,1998,3,262.27
DV_MA,1998,4,265.45
DV_MA,1999,1,267.66
DV_MA,1999,2,270.77
DV_MA,1999,3,275.81
DV_MA,1999,4,279.03
DV_MA,2000,1,283.33
DV_MA,2000,2,289.83
DV_MA,2000,3,296.31
DV_MA,2000,4,300.45
DV_MA,2001,1,307.61
DV_MA,2001,2,314.16
DV_MA,2001,3,321.25
DV_MA,2001,4,326.49
DV_MA,2002,1,333.68
DV_MA,2002,2,342.92
DV_MA,2002,3,352.31
DV_MA,2002,4,359.50
DV_MA,2003,1,365.76
DV_MA,2003,2,372.56
DV_MA,2003,3,380.31
DV_MA,2003,4,396.00
DV_MA,2004,1,403.79
DV_MA,2004,2,415.37
DV_MA,2004,3,436.16
DV_MA,2004,4,446.68
DV_MA,2005,1,457.94
DV_MA,2005,2,474.38
DV_MA,2005,3,490.55
DV_MA,2005,4,502.19
DV_MA,2006,1,511.37
DV_MA,2006,2,515.40
DV_MA,2006,3,518.07
DV_MA,2006,4,523.66
DV_MA,2007,1,526.56
DV_MA,2007,2,525.96
DV_MA,2007,3,520.56
DV_MA,2007,4,521.51
DV_MA,2008,1,523.24
DV_MA,2008,2,513.44
DV_MA,2008,3,501.47
DV_MA,2008,4,498.14
DV_MA,2009,1,502.06
DV_MA,2009,2,491.29
DV_MA,2009,3,480.46
DV_MA,2009,4,477.25
DV_MA,2010,1,474.27
DV_MA,2010,2,471.29
DV_MA,2010,3,476.80
DV_MA,2010,4,476.07
DV_MA,2011,1,467.91
DV_MA,2011,2,460.71
DV_MA,2011,3,459.78
DV_MA,2011,4,461.90
DV_MA,2012,1,457.64
DV_MA,2012,2,453.54
DV_MA,2012,3,455.65
DV_MA,2012,4,456.93
DV_MA,2013,1,457.27
DV_MA,2013,2,458.43
DV_MA,2013,3,460.13
DV_MA,2013,4,459.62
DV_MA,2014,1,460.31
DV_MA,2014,2,465.47
DV_MA,2014,3,470.39
DV_MA,2014,4,472.26
DV_MA,2015,1,476.88
DV_MA,2015,2,480.39
DV_MA,2015,3,482.99
DV_MA,2015,4,483.67
DV_MA,2016,1,486.04
DV_MA,2016,2,493.34
DV_MA,2016,3,499.10
DV_MA,2016,4,501.68
DV_MA,2017,1,501.35
DV_MA,2017,2,509.82
DV_MA,2017,3,517.79
DV_MA,2017,4,520.48
DV_MA,2018,1,525.68
DV_MA,2018,2,531.87
DV_MA,2018,3,538.17
DV_MA,2018,4,538.40
DV_MA,2019,1,543.43
DV_MA,2019,2,552.71
DV_MA,2019,3,560.57
DV_MA,2019,4,565.20
DV_MA,2020,1,571.17
DV_MA,2020,2,576.22
DV_MA,2020,3,586.73
DV_MA,2020,4,598.51
DV_MA,2021,1,612.93
DV_MA,2021,2,638.55
DV_MA,2021,3,669.89
DV_MA,2021,4,686.28
DV_MA,2022,1,705.33
DV_MA,2022,2,746.01
DV_MA,2022,3,760.52
DV_MA,2022,4,759.56
DV_MA,2023,1,764.43
DV_MA,2023,2,792.39
DV_MA,2023,3,815.18
DV_MA,2023,4,820.33
DV_MA,2024,1,830.70
DV_MA,2024,2,859.29
DV_MA,2024,3,873.94
DV_MT,1975,1,55.99
DV_MT,1975,2,55.88
DV_MT,1975,3,55.60
DV_MT,1975,4,55.25
DV_MT,1976,1,55.39
DV_MT,1976,2,61.60
DV_MT,1976,3,61.46
DV_MT,1976,4,62.38
DV_MT,1977,1,65.79
DV_MT,1977,2,67.41
DV_MT,1977,3,70.53
DV_MT,1977,4,74.27
DV_MT,1978,1,77.90
DV_MT,1978,2,79.94
DV_MT,1978,3,83.98
DV_MT,1978,4,86.51
DV_MT,1979,1,91.43
DV_MT,1979,2,94.81
DV_MT,1979,3,96.74
DV_MT,1979,4,98.28
DV_MT,1980,1,100.00
DV_MT,1980,2,99.83
DV_MT,1980,3,105.53
DV_MT,1980,4,105.03
DV_MT,1981,1,106.20
DV_MT,1981,2,109.53
DV_MT,1981,3,113.32
DV_MT,1981,4,111.89
DV_MT,1982,1,110.17
DV_MT,1982,2,114.95
DV_MT,1982,3,114.32
DV_MT,1982,4,118.47
DV_MT,1983,1,120.36
DV_MT,1983,2,119.50
DV_MT,1983,3,119.02
DV_MT,1983,4,117.63
DV_MT,1984,1,120.93
DV_MT,1984,2,121.06
DV_MT,1984,3,121.66
DV_MT,1984,4,120.90
DV_MT,1985,1,122.79
DV_MT,1985,2,122.44
DV_MT,1985,3,124.04
DV_MT,1985,4,123.68
DV_MT,1986,1,126.72
DV_MT,1986,2,127.80
DV_MT,1986,3,127.59
DV_MT,1986,4,126.69
DV_MT,1987,1,128.71
DV_MT,1987,2,127.39
DV_MT,1987,3,125.01
DV_MT,1987,4,123.22
DV_MT,1988,1,124.65
DV_MT,1988,2,124.96
DV_MT,1988,3,124.43
DV_MT,1988,4,124.32
DV_MT,1989,1,124.13
DV_MT,1989,2,125.07
DV_MT,1989,3,127.25
DV_MT,1989,4,127.49
DV_MT,1990,1,127.88
DV_MT,1990,2,128.87
DV_MT,1990,3,130.83
DV_MT,1990,4,130.56
DV_MT,1991,1,132.42
DV_MT,1991,2,134.12
DV_MT,1991,3,134.90
DV_MT,1991,4,137.93
DV_MT,1992,1,139.63
DV_MT,1992,2,141.01
DV_MT,1992,3,143.22
DV_MT,1992,4,145.64
DV_MT,1993,1,147.21
DV_MT,1993,2,150.42
DV_MT,1993,3,153.50
DV_MT,1993,4,156.72
DV_MT,1994,1,160.05
DV_MT,1994,2,165.19
DV_MT,1994,3,168.47
DV_MT,1994,4,170.13
DV_MT,1995,1,172.50
DV_MT,1995,2,176.25
DV_MT,1995,3,179.84
DV_MT,1995,4,182.20
DV_MT,1996,1,184.72
DV_MT,1996,2,185.61
DV_MT,1996,3,187.14
DV_MT,1996,4,189.04
DV_MT,1997,1,190.94
DV_MT,1997,2,192.20
DV_MT,1997,3,195.10
DV_MT,1997,4,197.90
DV_MT,1998,1,200.31
DV_MT,1998,2,201.60
DV_MT,1998,3,203.96
DV_MT,1998,4,206.07
DV_MT,1999,1,207.96
DV_MT,1999,2,210.44
DV_MT,1999,3,212.81
DV_MT,1999,4,214.44
DV_MT,2000,1,218.63
DV_MT,2000,2,221.10
DV_MT,2000,3,224.36
DV_MT,2000,4,227.83
DV_MT,2001,1,233.20
DV_MT,2001,2,236.39
DV_MT,2001,3,239.32
DV_MT,2001,4,241.59
DV_MT,2002,1,244.11
DV_MT,2002,2,246.66
DV_MT,2002,3,250.64
DV_MT,2002,4,252.90
DV_MT,2003,1,255.19
DV_MT,2003,2,257.76
DV_MT,2003,3,260.90
DV_MT,2003,4,267.05
DV_MT,2004,1,271.59
DV_MT,2004,2,279.43
DV_MT,2004,3,291.39
DV_MT,2004,4,298.95
DV_MT,2005,1,308.55
DV_MT,2005,2,324.91
DV_MT,2005,3,340.15
DV_MT,2005,4,353.35
DV_MT,2006,1,362.24
DV_MT,2006,2,369.91
DV_MT,2006,3,375.65
DV_MT,2006,4,381.08
DV_MT,2007,1,383.50
DV_MT,2007,2,383.84
DV_MT,2007,3,380.37
DV_MT,2007,4,378.30
DV_MT,2008,1,373.14
DV_MT,2008,2,361.08
DV_MT,2008,3,344.43
DV_MT,2008,4,339.07
DV_MT,2009,1,340.08
DV_MT,2009,2,325.52
DV_MT,2009,3,312.41
DV_MT,2009,4,307.14
DV_MT,2010,1,300.68
DV_MT,2010,2,294.14
DV_MT,2010,3,295.66
DV_MT,2010,4,291.25
DV_MT,2011,1,278.99
DV_MT,2011,2,269.59
DV_MT,2011,3,271.90
DV_MT,2011,4,274.98
DV_MT,2012,1,273.46
DV_MT,2012,2,273.82
DV_MT,2012,3,280.46
DV_MT,2012,4,285.53
DV_MT,2013,1,290.20
DV_MT,2013,2,298.74
DV_MT,2013,3,306.79
DV_MT,2013,4,312.05
DV_MT,2014,1,316.41
DV_MT,2014,2,323.19
DV_MT,2014,3,328.70
DV_MT,2014,4,332.84
DV_MT,2015,1,336.92
DV_MT,2015,2,345.04
DV_MT,2015,3,353.12
DV_MT,2015,4,357.73
DV_MT,2016,1,362.17
DV_MT,2016,2,370.58
DV_MT,2016,3,378.41
DV_MT,2016,4,383.30
DV_MT,2017,1,388.51
DV_MT,2017,2,399.33
DV_MT,2017,3,407.43
DV_MT,2017,4,412.78
DV_MT,2018,1,422.15
DV_MT,2018,2,433.26
DV_MT,2018,3,442.16
DV_MT,2018,4,446.65
DV_MT,2019,1,452.04
DV_MT,2019,2,461.19
DV_MT,2019,3,467.69
DV_MT,2019,4,473.72
DV_MT,2020,1,480.91
DV_MT,2020,2,487.70
DV_MT,2020,3,498.43
DV_MT,2020,4,513.19
DV_MT,2021,1,532.20
DV_MT,2021,2,572.62
DV_MT,2021,3,614.28
DV_MT,2021,4,638.85
DV_MT,2022,1,665.71
DV_MT,2022,2,713.94
DV_MT,2022,3,717.21
DV_MT,2022,4,700.46
DV_MT,2023,1,697.19
DV_MT,2023,2,712.11
DV_MT,2023,3,723.82
DV_MT,2023,4,722.69
DV_MT,2024,1,731.35
DV_MT,2024,2,747.16
DV_MT,2024,3,752.72
DV_NE,1975,1,59.44
DV_NE,1975,2,61.40
DV_NE,1975,3,64.07
DV_NE,1975,4,63.72
DV_NE,1976,1,65.34
DV_NE,1976,2,65.48
DV_NE,1976,3,69.13
DV_NE,1976,4,68.91
DV_NE,1977,1,71.06
DV_NE,1977,2,70.80
DV_NE,1977,3,73.66
DV_NE,1977,4,74.71
DV_NE,1978,1,77.70
DV_NE,1978,2,81.13
DV_NE,1978,3,86.35
DV_NE,1978,4,87.88
DV_NE,1979,1,93.23
DV_NE,1979,2,95.33
DV_NE,1979,3,97.52
DV_NE,1979,4,100.28
DV_NE,1980,1,100.00
DV_NE,1980,2,102.75
DV_NE,1980,3,106.19
DV_NE,1980,4,105.77
DV_NE,1981,1,108.46
DV_NE,1981,2,112.88
DV_NE,1981,3,114.01
DV_NE,1981,4,112.59
DV_NE,1982,1,117.85
DV_NE,1982,2,118.98
DV_NE,1982,3,118.63
DV_NE,1982,4,120.87
DV_NE,1983,1,123.98
DV_NE,1983,2,127.77
DV_NE,1983,3,132.92
DV_NE,1983,4,137.30
DV_NE,1984,1,142.20
DV_NE,1984,2,147.85
DV_NE,1984,3,154.91
DV_NE,1984,4,157.93
DV_NE,1985,1,164.89
DV_NE,1985,2,174.65
DV_NE,1985,3,182.66
DV_NE,1985,4,193.38
DV_NE,1986,1,200.27
DV_NE,1986,2,210.09
DV_NE,1986,3,221.74
DV_NE,1986,4,234.15
DV_NE,1987,1,244.09
DV_NE,1987,2,253.59
DV_NE,1987,3,263.59
DV_NE,1987,4,269.50
DV_NE,1988,1,274.11
DV_NE,1988,2,278.57
DV_NE,1988,3,279.44
DV_NE,1988,4,280.81
DV_NE,1989,1,279.29
DV_NE,1989,2,279.02
DV_NE,1989,3,282.55
DV_NE,1989,4,283.06
DV_NE,1990,1,279.18
DV_NE,1990,2,271.80
DV_NE,1990,3,267.96
DV_NE,1990,4,262.68
DV_NE,1991,1,260.09
DV_NE,1991,2,257.84
DV_NE,1991,3,254.57
DV_NE,1991,4,256.82
DV_NE,1992,1,256.88
DV_NE,1992,2,252.95
DV_NE,1992,3,253.88
DV_NE,1992,4,254.40
DV_NE,1993,1,251.91
DV_NE,1993,2,253.51
DV_NE,1993,3,253.63
DV_NE,1993,4,255.05
DV_NE,1994,1,254.56
DV_NE,1994,2,250.26
DV_NE,1994,3,248.49
DV_NE,1994,4,246.08
DV_NE,1995,1,246.73
DV_NE,1995,2,250.71
DV_NE,1995,3,255.30
DV_NE,1995,4,256.54
DV_NE,1996,1,259.94
DV_NE,1996,2,258.19
DV_NE,1996,3,257.62
DV_NE,1996,4,260.17
DV_NE,1997,1,261.86
DV_NE,1997,2,264.07
DV_NE,1997,3,267.75
DV_NE,1997,4,271.15
DV_NE,1998,1,275.64
DV_NE,1998,2,278.71
DV_NE,1998,3,283.67
DV_NE,1998,4,287.75
DV_NE,1999,1,292.16
DV_NE,1999,2,298.82
DV_NE,1999,3,307.78
DV_NE,1999,4,313.14
DV_NE,2000,1,323.05
DV_NE,2000,2,332.60
DV_NE,2000,3,342.59
DV_NE,2000,4,349.68
DV_NE,2001,1,358.46
DV_NE,2001,2,368.07
DV_NE,2001,3,379.43
DV_NE,2001,4,386.40
DV_NE,2002,1,396.55
DV_NE,2002,2,410.05
DV_NE,2002,3,421.88
DV_NE,2002,4,430.96
DV_NE,2003,1,438.58
DV_NE,2003,2,445.84
DV_NE,2003,3,456.57
DV_NE,2003,4,475.90
DV_NE,2004,1,484.37
DV_NE,2004,2,498.19
DV_NE,2004,3,523.52
DV_NE,2004,4,533.45
DV_NE,2005,1,546.48
DV_NE,2005,2,561.61
DV_NE,2005,3,574.22
DV_NE,2005,4,581.72
DV_NE,2006,1,585.71
DV_NE,2006,2,583.56
DV_NE,2006,3,582.24
DV_NE,2006,4,585.76
DV_NE,2007,1,585.51
DV_NE,2007,2,579.39
DV_NE,2007,3,571.57
DV_NE,2007,4,571.98
DV_NE,2008,1,571.05
DV_NE,2008,2,555.86
DV_NE,2008,3,540.53
DV_NE,2008,4,538.54
DV_NE,2009,1,540.76
DV_NE,2009,2,525.93
DV_NE,2009,3,514.77
DV_NE,2009,4,513.35
DV_NE,2010,1,509.18
DV_NE,2010,2,505.46
DV_NE,2010,3,509.95
DV_NE,2010,4,509.94
DV_NE,2011,1,500.57
DV_NE,2011,2,492.44
DV_NE,2011,3,494.81
DV_NE,2011,4,497.25
DV_NE,2012,1,491.91
DV_NE,2012,2,488.26
DV_NE,2012,3,490.57
DV_NE,2012,4,492.37
DV_NE,2013,1,492.63
DV_NE,2013,2,493.94
DV_NE,2013,3,496.29
DV_NE,2013,4,495.72
DV_NE,2014,1,497.35
DV_NE,2014,2,504.51
DV_NE,2014,3,510.19
DV_NE,2014,4,511.59
DV_NE,2015,1,516.87
DV_NE,2015,2,522.06
DV_NE,2015,3,525.86
DV_NE,2015,4,527.44
DV_NE,2016,1,530.94
DV_NE,2016,2,537.14
DV_NE,2016,3,545.57
DV_NE,2016,4,549.12
DV_NE,2017,1,549.67
DV_NE,2017,2,560.14
DV_NE,2017,3,567.41
DV_NE,2017,4,571.47
DV_NE,2018,1,576.16
DV_NE,2018,2,584.98
DV_NE,2018,3,591.77
DV_NE,2018,4,591.95
DV_NE,2019,1,597.63
DV_NE,2019,2,608.01
DV_NE,2019,3,615.49
DV_NE,2019,4,621.08
DV_NE,2020,1,626.71
DV_NE,2020,2,633.84
DV_NE,2020,3,646.83
DV_NE,2020,4,663.69
DV_NE,2021,1,680.52
DV_NE,2021,2,718.00
DV_NE,2021,3,759.31
DV_NE,2021,4,778.27
DV_NE,2022,1,800.16
DV_NE,2022,2,853.16
DV_NE,2022,3,867.54
DV_NE,2022,4,861.15
DV_NE,2023,1,873.14
DV_NE,2023,2,912.39
DV_NE,2023,3,937.35
DV_NE,2023,4,941.06
DV_NE,2024,1,952.69
DV_NE,2024,2,990.35
DV_NE,2024,3,1002.51
DV_PAC,1975,1,43.67
DV_PAC,1975,2,44.48
DV_PAC,1975,3,46.34
DV_PAC,1975,4,47.12
DV_PAC,1976,1,49.29
DV_PAC,1976,2,51.53
DV_PAC,1976,3,54.82
DV_PAC,1976,4,56.80
DV_PAC,1977,1,59.19
DV_PAC,1977,2,63.57
DV_PAC,1977,3,68.34
DV_PAC,1977,4,71.24
DV_PAC,1978,1,73.86
DV_PAC,1978,2,77.15
DV_PAC,1978,3,80.09
DV_PAC,1978,4,83.35
DV_PAC,1979,1,86.24
DV_PAC,1979,2,90.07
DV_PAC,1979,3,93.93
DV_PAC,1979,4,96.88
DV_PAC,1980,1,100.00
DV_PAC,1980,2,101.81
DV_PAC,1980,3,105.48
DV_PAC,1980,4,106.63
DV_PAC,1981,1,107.19
DV_PAC,1981,2,109.89
DV_PAC,1981,3,111.95
DV_PAC,1981,4,110.84
DV_PAC,1982,1,102.96
DV_PAC,1982,2,105.94
DV_PAC,1982,3,104.56
DV_PAC,1982,4,114.47
DV_PAC,1983,1,115.38
DV_PAC,1983,2,116.21
DV_PAC,1983,3,116.02
DV_PAC,1983,4,116.33
DV_PAC,1984,1,117.99
DV_PAC,1984,2,118.53
DV_PAC,1984,3,119.76
DV_PAC,1984,4,121.00
DV_PAC,1985,1,122.21
DV_PAC,1985,2,123.51
DV_PAC,1985,3,125.63
DV_PAC,1985,4,126.71
DV_PAC,1986,1,128.27
DV_PAC,1986,2,130.29
DV_PAC,1986,3,132.50
DV_PAC,1986,4,134.87
DV_PAC,1987,1,137.89
DV_PAC,1987,2,140.50
DV_PAC,1987,3,143.65
DV_PAC,1987,4,146.50
DV_PAC,1988,1,151.59
DV_PAC,1988,2,156.60
DV_PAC,1988,3,163.24
DV_PAC,1988,4,170.43
DV_PAC,1989,1,177.65
DV_PAC,1989,2,185.09
DV_PAC,1989,3,194.92
DV_PAC,1989,4,201.66
DV_PAC,1990,1,206.55
DV_PAC,1990,2,210.48
DV_PAC,1990,3,213.48
DV_PAC,1990,4,213.17
DV_PAC,1991,1,214.45
DV_PAC,1991,2,214.36
DV_PAC,1991,3,214.93
DV_PAC,1991,4,217.23
DV_PAC,1992,1,217.01
DV_PAC,1992,2,215.96
DV_PAC,1992,3,216.63
DV_PAC,1992,4,215.92
DV_PAC,1993,1,213.92
DV_PAC,1993,2,213.38
DV_PAC,1993,3,213.01
DV_PAC,1993,4,212.93
DV_PAC,1994,1,212.36
DV_PAC,1994,2,209.98
DV_PAC,1994,3,208.50
DV_PAC,1994,4,206.47
DV_PAC,1995,1,206.26
DV_PAC,1995,2,208.61
DV_PAC,1995,3,211.32
DV_PAC,1995,4,211.70
DV_PAC,1996,1,212.30
DV_PAC,1996,2,210.64
DV_PAC,1996,3,210.68
DV_PAC,1996,4,212.04
DV_PAC,1997,1,213.22
DV_PAC,1997,2,215.29
DV_PAC,1997,3,219.45
DV_PAC,1997,4,222.91
DV_PAC,1998,1,227.39
DV_PAC,1998,2,231.61
DV_PAC,1998,3,236.91
DV_PAC,1998,4,240.75
DV_PAC,1999,1,243.80
DV_PAC,1999,2,247.57
DV_PAC,1999,3,252.01
DV_PAC,1999,4,256.20
DV_PAC,2000,1,265.22
DV_PAC,2000,2,270.92
DV_PAC,2000,3,278.29
DV_PAC,2000,4,285.39
DV_PAC,2001,1,295.34
DV_PAC,2001,2,302.84
DV_PAC,2001,3,308.29
DV_PAC,2001,4,312.05
DV_PAC,2002,1,319.13
DV_PAC,2002,2,327.95
DV_PAC,2002,3,338.14
DV_PAC,2002,4,345.96
DV_PAC,2003,1,352.68
DV_PAC,2003,2,358.45
DV_PAC,2003,3,368.63
DV_PAC,2003,4,388.43
DV_PAC,2004,1,399.20
DV_PAC,2004,2,420.65
DV_PAC,2004,3,456.84
DV_PAC,2004,4,472.44
DV_PAC,2005,1,491.54
DV_PAC,2005,2,519.56
DV_PAC,2005,3,545.37
DV_PAC,2005,4,569.43
DV_PAC,2006,1,583.64
DV_PAC,2006,2,593.15
DV_PAC,2006,3,599.16
DV_PAC,2006,4,599.81
DV_PAC,2007,1,596.69
DV_PAC,2007,2,591.47
DV_PAC,2007,3,575.69
DV_PAC,2007,4,559.71
DV_PAC,2008,1,536.87
DV_PAC,2008,2,502.72
DV_PAC,2008,3,471.38
DV_PAC,2008,4,458.33
DV_PAC,2009,1,454.55
DV_PAC,2009,2,434.63
DV_PAC,2009,3,423.80
DV_PAC,2009,4,423.00
DV_PAC,2010,1,418.78
DV_PAC,2010,2,416.52
DV_PAC,2010,3,418.24
DV_PAC,2010,4,413.23
DV_PAC,2011,1,398.77
DV_PAC,2011,2,391.54
DV_PAC,2011,3,393.28
DV_PAC,2011,4,392.92
DV_PAC,2012,1,388.16
DV_PAC,2012,2,387.60
DV_PAC,2012,3,396.14
DV_PAC,2012,4,403.58
DV_PAC,2013,1,410.45
DV_PAC,2013,2,426.20
DV_PAC,2013,3,443.74
DV_PAC,2013,4,455.58
DV_PAC,2014,1,463.67
DV_PAC,2014,2,476.25
DV_PAC,2014,3,486.05
DV_PAC,2014,4,491.32
DV_PAC,2015,1,497.11
DV_PAC,2015,2,509.09
DV_PAC,2015,3,522.30
DV_PAC,2015,4,529.75
DV_PAC,2016,1,537.81
DV_PAC,2016,2,549.63
DV_PAC,2016,3,562.70
DV_PAC,2016,4,569.62
DV_PAC,2017,1,576.09
DV_PAC,2017,2,590.12
DV_PAC,2017,3,602.54
DV_PAC,2017,4,610.47
DV_PAC,2018,1,621.09
DV_PAC,2018,2,634.73
DV_PAC,2018,3,642.30
DV_PAC,2018,4,642.67
DV_PAC,2019,1,648.06
DV_PAC,2019,2,656.08
DV_PAC,2019,3,663.31
DV_PAC,2019,4,668.30
DV_PAC,2020,1,675.36
DV_PAC,2020,2,683.61
DV_PAC,2020,3,692.92
DV_PAC,2020,4,708.13
DV_PAC,2021,1,728.11
DV_PAC,2021,2,773.43
DV_PAC,2021,3,814.99
DV_PAC,2021,4,845.73
DV_PAC,2022,1,879.84
DV_PAC,2022,2,934.46
DV_PAC,2022,3,930.07
DV_PAC,2022,4,906.57
DV_PAC,2023,1,904.11
DV_PAC,2023,2,928.36
DV_PAC,2023,3,939.42
DV_PAC,2023,4,939.08
DV_PAC,2024,1,951.90
DV_PAC,2024,2,972.58
DV_PAC,2024,3,978.44
DV_SA,1975,1,65.21
DV_SA,1975,2,70.03
DV_SA,1975,3,68.21
DV_SA,1975,4,68.57
DV_SA,1976,1,67.93
DV_SA,1976,2,71.58
DV_SA,1976,3,71.46
DV_SA,1976,4,71.56
DV_SA,1977,1,73.02
DV_SA,1977,2,76.47
DV_SA,1977,3,75.98
DV_SA,1977,4,78.64
DV_SA,1978,1,81.00
DV_SA,1978,2,83.12
DV_SA,1978,3,85.13
DV_SA,1978,4,86.70
DV_SA,1979,1,89.25
DV_SA,1979,2,92.11
DV_SA,1979,3,94.41
DV_SA,1979,4,96.92
DV_SA,1980,1,100.00
DV_SA,1980,2,100.93
DV_SA,1980,3,104.33
DV_SA,1980,4,106.21
DV_SA,1981,1,108.12
DV_SA,1981,2,108.82
DV_SA,1981,3,109.16
DV_SA,1981,4,109.07
DV_SA,1982,1,107.21
DV_SA,1982,2,114.94
DV_SA,1982,3,108.84
DV_SA,1982,4,114.39
DV_SA,1983,1,118.91
DV_SA,1983,2,119.38
DV_SA,1983,3,121.10
DV_SA,1983,4,121.14
DV_SA,1984,1,123.99
DV_SA,1984,2,125.64
DV_SA,1984,3,125.80
DV_SA,1984,4,126.61
DV_SA,1985,1,129.21
DV_SA,1985,2,130.11
DV_SA,1985,3,131.95
DV_SA,1985,4,133.04
DV_SA,1986,1,135.48
DV_SA,1986,2,138.14
DV_SA,1986,3,140.03
DV_SA,1986,4,141.90
DV_SA,1987,1,143.95
DV_SA,1987,2,146.39
DV_SA,1987,3,148.55
DV_SA,1987,4,150.11
DV_SA,1988,1,152.39
DV_SA,1988,2,155.76
DV_SA,1988,3,157.50
DV_SA,1988,4,158.79
DV_SA,1989,1,160.53
DV_SA,1989,2,162.20
DV_SA,1989,3,164.75
DV_SA,1989,4,165.83
DV_SA,1990,1,166.47
DV_SA,1990,2,166.32
DV_SA,1990,3,167.39
DV_SA,1990,4,166.45
DV_SA,1991,1,167.93
DV_SA,1991,2,169.02
DV_SA,1991,3,168.71
DV_SA,1991,4,171.47
DV_SA,1992,1,172.72
DV_SA,1992,2,172.21
DV_SA,1992,3,174.74
DV_SA,1992,4,175.24
DV_SA,1993,1,175.42
DV_SA,1993,2,176.99
DV_SA,1993,3,178.39
DV_SA,1993,4,179.64
DV_SA,1994,1,180.28
DV_SA,1994,2,180.57
DV_SA,1994,3,181.12
DV_SA,1994,4,181.44
DV_SA,1995,1,182.20
DV_SA,1995,2,184.84
DV_SA,1995,3,187.71
DV_SA,1995,4,189.34
DV_SA,1996,1,191.56
DV_SA,1996,2,191.47
DV_SA,1996,3,192.24
DV_SA,1996,4,193.75
DV_SA,1997,1,195.55
DV_SA,1997,2,196.68
DV_SA,1997,3,199.18
DV_SA,1997,4,201.98
DV_SA,1998,1,205.13
DV_SA,1998,2,205.91
DV_SA,1998,3,208.54
DV_SA,1998,4,211.11
DV_SA,1999,1,213.12
DV_SA,1999,2,215.23
DV_SA,1999,3,217.77
DV_SA,1999,4,219.85
DV_SA,2000,1,223.16
DV_SA,2000,2,226.64
DV_SA,2000,3,230.46
DV_SA,2000,4,234.17
DV_SA,2001,1,240.31
DV_SA,2001,2,244.54
DV_SA,2001,3,248.65
DV_SA,2001,4,252.57
DV_SA,2002,1,256.16
DV_SA,2002,2,261.05
DV_SA,2002,3,266.72
DV_SA,2002,4,270.74
DV_SA,2003,1,274.41
DV_SA,2003,2,278.56
DV_SA,2003,3,283.11
DV_SA,2003,4,291.45
DV_SA,2004,1,297.65
DV_SA,2004,2,305.95
DV_SA,2004,3,318.49
DV_SA,2004,4,327.97
DV_SA,2005,1,338.74
DV_SA,2005,2,353.39
DV_SA,2005,3,368.47
DV_SA,2005,4,380.14
DV_SA,2006,1,389.24
DV_SA,2006,2,395.17
DV_SA,2006,3,399.25
DV_SA,2006,4,404.92
DV_SA,2007,1,406.51
DV_SA,2007,2,406.21
DV_SA,2007,3,400.43
DV_SA,2007,4,398.60
DV_SA,2008,1,393.82
DV_SA,2008,2,381.53
DV_SA,2008,3,365.96
DV_SA,2008,4,359.03
DV_SA,2009,1,363.43
DV_SA,2009,2,351.77
DV_SA,2009,3,338.78
DV_SA,2009,4,333.44
DV_SA,2010,1,328.26
DV_SA,2010,2,322.69
DV_SA,2010,3,326.01
DV_SA,2010,4,322.52
DV_SA,2011,1,311.71
DV_SA,2011,2,303.48
DV_SA,2011,3,306.07
DV_SA,2011,4,307.78
DV_SA,2012,1,302.48
DV_SA,2012,2,299.59
DV_SA,2012,3,304.05
DV_SA,2012,4,306.54
DV_SA,2013,1,307.65
DV_SA,2013,2,313.01
DV_SA,2013,3,316.64
DV_SA,2013,4,319.72
DV_SA,2014,1,322.46
DV_SA,2014,2,328.92
DV_SA,2014,3,333.68
DV_SA,2014,4,336.98
DV_SA,2015,1,342.07
DV_SA,2015,2,347.91
DV_SA,2015,3,352.12
DV_SA,2015,4,356.02
DV_SA,2016,1,359.90
DV_SA,2016,2,367.03
DV_SA,2016,3,374.28
DV_SA,2016,4,377.51
DV_SA,2017,1,380.27
DV_SA,2017,2,389.17
DV_SA,2017,3,394.46
DV_SA,2017,4,398.69
DV_SA,2018,1,405.46
DV_SA,2018,2,412.74
DV_SA,2018,3,417.85
DV_SA,2018,4,419.84
DV_SA,2019,1,425.60
DV_SA,2019,2,432.89
DV_SA,2019,3,438.72
DV_SA,2019,4,443.31
DV_SA,2020,1,449.43
DV_SA,2020,2,454.16
DV_SA,2020,3,462.25
DV_SA,2020,4,472.57
DV_SA,2021,1,485.41
DV_SA,2021,2,512.91
DV_SA,2021,3,544.50
DV_SA,2021,4,568.75
DV_SA,2022,1,594.74
DV_SA,2022,2,637.60
DV_SA,2022,3,656.11
DV_SA,2022,4,655.40
DV_SA,2023,1,661.24
DV_SA,2023,2,679.62
DV_SA,2023,3,694.62
DV_SA,2023,4,698.85
DV_SA,2024,1,706.44
DV_SA,2024,2,721.68
DV_SA,2024,3,726.73
DV_WNC,1975,1,60.97
DV_WNC,1975,2,63.56
DV_WNC,1975,3,62.16
DV_WNC,1975,4,63.36
DV_WNC,1976,1,65.64
DV_WNC,1976,2,68.97
DV_WNC,1976,3,68.15
DV_WNC,1976,4,68.57
DV_WNC,1977,1,71.03
DV_WNC,1977,2,75.82
DV_WNC,1977,3,76.86
DV_WNC,1977,4,79.16
DV_WNC,1978,1,81.05
DV_WNC,1978,2,87.20
DV_WNC,1978,3,88.33
DV_WNC,1978,4,89.97
DV_WNC,1979,1,93.87
DV_WNC,1979,2,97.43
DV_WNC,1979,3,98.66
DV_WNC,1979,4,99.32
DV_WNC,1980,1,100.00
DV_WNC,1980,2,104.95
DV_WNC,1980,3,103.69
DV_WNC,1980,4,103.11
DV_WNC,1981,1,100.16
DV_WNC,1981,2,100.75
DV_WNC,1981,3,101.04
DV_WNC,1981,4,103.80
DV_WNC,1982,1,98.21
DV_WNC,1982,2,100.57
DV_WNC,1982,3,100.61
DV_WNC,1982,4,105.77
DV_WNC,1983,1,107.22
DV_WNC,1983,2,110.10
DV_WNC,1983,3,109.52
DV_WNC,1983,4,110.18
DV_WNC,1984,1,112.17
DV_WNC,1984,2,113.17
DV_WNC,1984,3,114.69
DV_WNC,1984,4,114.33
DV_WNC,1985,1,115.33
DV_WNC,1985,2,116.75
DV_WNC,1985,3,117.38
DV_WNC,1985,4,118.53
DV_WNC,1986,1,120.16
DV_WNC,1986,2,120.69
DV_WNC,1986,3,122.28
DV_WNC,1986,4,123.03
DV_WNC,1987,1,124.94
DV_WNC,1987,2,126.29
DV_WNC,1987,3,126.79
DV_WNC,1987,4,126.02
DV_WNC,1988,1,126.90
DV_WNC,1988,2,128.54
DV_WNC,1988,3,129.27
DV_WNC,1988,4,129.27
DV_WNC,1989,1,130.10
DV_WNC,1989,2,131.43
DV_WNC,1989,3,132.87
DV_WNC,1989,4,133.52
DV_WNC,1990,1,133.94
DV_WNC,1990,2,134.55
DV_WNC,1990,3,135.29
DV_WNC,1990,4,135.01
DV_WNC,1991,1,136.58
DV_WNC,1991,2,137.78
DV_WNC,1991,3,138.28
DV_WNC,1991,4,140.11
DV_WNC,1992,1,141.09
DV_WNC,1992,2,142.04
DV_WNC,1992,3,143.68
DV_WNC,1992,4,144.62
DV_WNC,1993,1,145.52
DV_WNC,1993,2,147.03
DV_WNC,1993,3,148.98
DV_WNC,1993,4,150.53
DV_WNC,1994,1,152.41
DV_WNC,1994,2,155.85
DV_WNC,1994,3,158.06
DV_WNC,1994,4,158.59
DV_WNC,1995,1,160.29
DV_WNC,1995,2,163.10
DV_WNC,1995,3,165.39
DV_WNC,1995,4,167.15
DV_WNC,1996,1,169.01
DV_WNC,1996,2,170.90
DV_WNC,1996,3,172.58
DV_WNC,1996,4,174.08
DV_WNC,1997,1,175.70
DV_WNC,1997,2,177.76
DV_WNC,1997,3,180.28
DV_WNC,1997,4,182.36
DV_WNC,1998,1,184.63
DV_WNC,1998,2,186.30
DV_WNC,1998,3,189.03
DV_WNC,1998,4,190.94
DV_WNC,1999,1,193.24
DV_WNC,1999,2,196.98
DV_WNC,1999,3,199.78
DV_WNC,1999,4,201.49
DV_WNC,2000,1,205.17
DV_WNC,2000,2,208.48
DV_WNC,2000,3,212.00
DV_WNC,2000,4,214.52
DV_WNC,2001,1,218.89
DV_WNC,2001,2,222.44
DV_WNC,2001,3,225.93
DV_WNC,2001,4,228.32
DV_WNC,2002,1,231.69
DV_WNC,2002,2,234.93
DV_WNC,2002,3,238.31
DV_WNC,2002,4,240.93
DV_WNC,2003,1,243.11
DV_WNC,2003,2,245.14
DV_WNC,2003,3,248.69
DV_WNC,2003,4,254.46
DV_WNC,2004,1,256.97
DV_WNC,2004,2,260.63
DV_WNC,2004,3,266.46
DV_WNC,2004,4,269.91
DV_WNC,2005,1,273.80
DV_WNC,2005,2,278.29
DV_WNC,2005,3,282.91
DV_WNC,2005,4,285.36
DV_WNC,2006,1,286.71
DV_WNC,2006,2,287.79
DV_WNC,2006,3,289.67
DV_WNC,2006,4,292.28
DV_WNC,2007,1,293.88
DV_WNC,2007,2,294.46
DV_WNC,2007,3,292.38
DV_WNC,2007,4,292.78
DV_WNC,2008,1,294.23
DV_WNC,2008,2,290.14
DV_WNC,2008,3,285.47
DV_WNC,2008,4,286.00
DV_WNC,2009,1,289.23
DV_WNC,2009,2,285.03
DV_WNC,2009,3,279.27
DV_WNC,2009,4,277.80
DV_WNC,2010,1,275.20
DV_WNC,2010,2,274.27
DV_WNC,2010,3,277.98
DV_WNC,2010,4,276.47
DV_WNC,2011,1,270.30
DV_WNC,2011,2,266.63
DV_WNC,2011,3,269.84
DV_WNC,2011,4,271.68
DV_WNC,2012,1,269.50
DV_WNC,2012,2,268.43
DV_WNC,2012,3,271.37
DV_WNC,2012,4,272.91
DV_WNC,2013,1,273.43
DV_WNC,2013,2,275.55
DV_WNC,2013,3,278.20
DV_WNC,2013,4,278.33
DV_WNC,2014,1,279.12
DV_WNC,2014,2,284.30
DV_WNC,2014,3,287.30
DV_WNC,2014,4,288.86
DV_WNC,2015,1,290.65
DV_WNC,2015,2,294.61
DV_WNC,2015,3,298.16
DV_WNC,2015,4,299.85
DV_WNC,2016,1,301.73
DV_WNC,2016,2,306.59
DV_WNC,2016,3,311.42
DV_WNC,2016,4,312.84
DV_WNC,2017,1,314.81
DV_WNC,2017,2,321.87
DV_WNC,2017,3,325.79
DV_WNC,2017,4,327.33
DV_WNC,2018,1,331.27
DV_WNC,2018,2,337.38
DV_WNC,2018,3,340.55
DV_WNC,2018,4,342.05
DV_WNC,2019,1,345.23
DV_WNC,2019,2,351.32
DV_WNC,2019,3,355.18
DV_WNC,2019,4,358.16
DV_WNC,2020,1,361.92
DV_WNC,2020,2,364.48
DV_WNC,2020,3,370.88
DV_WNC,2020,4,377.83
DV_WNC,2021,1,383.87
DV_WNC,2021,2,405.25
DV_WNC,2021,3,423.64
DV_WNC,2021,4,433.28
DV_WNC,2022,1,445.16
DV_WNC,2022,2,474.15
DV_WNC,2022,3,479.34
DV_WNC,2022,4,475.82
DV_WNC,2023,1,480.80
DV_WNC,2023,2,500.02
DV_WNC,2023,3,507.04
DV_WNC,2023,4,506.18
DV_WNC,2024,1,512.38
DV_WNC,2024,2,527.87
DV_WNC,2024,3,531.26
DV_WSC,1975,1,55.31
DV_WSC,1975,2,57.05
DV_WSC,1975,3,55.70
DV_WSC,1975,4,58.10
DV_WSC,1976,1,58.59
DV_WSC,1976,2,62.68
DV_WSC,1976,3,62.47
DV_WSC,1976,4,63.54
DV_WSC,1977,1,65.69
DV_WSC,1977,2,69.52
DV_WSC,1977,3,68.88
DV_WSC,1977,4,72.80
DV_WSC,1978,1,75.70
DV_WSC,1978,2,78.32
DV_WSC,1978,3,81.21
DV_WSC,1978,4,84.82
DV_WSC,1979,1,89.33
DV_WSC,1979,2,92.61
DV_WSC,1979,3,95.59
DV_WSC,1979,4,97.40
DV_WSC,1980,1,100.00
DV_WSC,1980,2,102.49
DV_WSC,1980,3,103.83
DV_WSC,1980,4,105.08
DV_WSC,1981,1,105.25
DV_WSC,1981,2,109.64
DV_WSC,1981,3,113.09
DV_WSC,1981,4,111.70
DV_WSC,1982,1,117.62
DV_WSC,1982,2,117.20
DV_WSC,1982,3,117.44
DV_WSC,1982,4,119.23
DV_WSC,1983,1,122.90
DV_WSC,1983,2,123.80
DV_WSC,1983,3,123.84
DV_WSC,1983,4,124.28
DV_WSC,1984,1,123.19
DV_WSC,1984,2,123.87
DV_WSC,1984,3,124.82
DV_WSC,1984,4,124.35
DV_WSC,1985,1,122.91
DV_WSC,1985,2,123.42
DV_WSC,1985,3,123.84
DV_WSC,1985,4,122.28
DV_WSC,1986,1,124.95
DV_WSC,1986,2,126.74
DV_WSC,1986,3,123.88
DV_WSC,1986,4,122.28
DV_WSC,1987,1,122.54
DV_WSC,1987,2,119.87
DV_WSC,1987,3,115.07
DV_WSC,1987,4,112.23
DV_WSC,1988,1,111.64
DV_WSC,1988,2,113.12
DV_WSC,1988,3,110.98
DV_WSC,1988,4,110.25
DV_WSC,1989,1,110.70
DV_WSC,1989,2,111.50
DV_WSC,1989,3,113.48
DV_WSC,1989,4,113.09
DV_WSC,1990,1,112.88
DV_WSC,1990,2,113.72
DV_WSC,1990,3,114.36
DV_WSC,1990,4,113.82
DV_WSC,1991,1,114.97
DV_WSC,1991,2,116.33
DV_WSC,1991,3,116.73
DV_WSC,1991,4,118.33
DV_WSC,1992,1,119.94
DV_WSC,1992,2,119.79
DV_WSC,1992,3,121.72
DV_WSC,1992,4,122.34
DV_WSC,1993,1,122.87
DV_WSC,1993,2,124.38
DV_WSC,1993,3,126.05
DV_WSC,1993,4,127.45
DV_WSC,1994,1,128.48
DV_WSC,1994,2,129.44
DV_WSC,1994,3,129.88
DV_WSC,1994,4,129.57
DV_WSC,1995,1,129.93
DV_WSC,1995,2,132.37
DV_WSC,1995,3,134.13
DV_WSC,1995,4,134.99
DV_WSC,1996,1,136.56
DV_WSC,1996,2,136.78
DV_WSC,1996,3,137.22
DV_WSC,1996,4,138.07
DV_WSC,1997,1,138.93
DV_WSC,1997,2,139.92
DV_WSC,1997,3,141.34
DV_WSC,1997,4,143.19
DV_WSC,1998,1,145.29
DV_WSC,1998,2,146.29
DV_WSC,1998,3,148.56
DV_WSC,1998,4,150.26
DV_WSC,1999,1,151.46
DV_WSC,1999,2,153.75
DV_WSC,1999,3,155.85
DV_WSC,1999,4,157.09
DV_WSC,2000,1,159.21
DV_WSC,2000,2,161.36
DV_WSC,2000,3,163.58
DV_WSC,2000,4,165.33
DV_WSC,2001,1,169.79
DV_WSC,2001,2,171.77
DV_WSC,2001,3,173.21
DV_WSC,2001,4,175.09
DV_WSC,2002,1,175.74
DV_WSC,2002,2,177.18
DV_WSC,2002,3,179.96
DV_WSC,2002,4,182.01
DV_WSC,2003,1,183.12
DV_WSC,2003,2,184.55
DV_WSC,2003,3,185.55
DV_WSC,2003,4,187.19
DV_WSC,2004,1,188.57
DV_WSC,2004,2,190.72
DV_WSC,2004,3,192.63
DV_WSC,2004,4,195.14
DV_WSC,2005,1,196.55
DV_WSC,2005,2,199.97
DV_WSC,2005,3,203.46
DV_WSC,2005,4,206.49
DV_WSC,2006,1,209.36
DV_WSC,2006,2,212.84
DV_WSC,2006,3,215.87
DV_WSC,2006,4,218.82
DV_WSC,2007,1,221.50
DV_WSC,2007,2,224.45
DV_WSC,2007,3,225.44
DV_WSC,2007,4,226.99
DV_WSC,2008,1,228.00
DV_WSC,2008,2,228.53
DV_WSC,2008,3,227.17
DV_WSC,2008,4,227.64
DV_WSC,2009,1,230.42
DV_WSC,2009,2,228.70
DV_WSC,2009,3,226.32
DV_WSC,2009,4,225.98
DV_WSC,2010,1,224.29
DV_WSC,2010,2,224.32
DV_WSC,2010,3,225.91
DV_WSC,2010,4,225.02
DV_WSC,2011,1,221.51
DV_WSC,2011,2,220.56
DV_WSC,2011,3,221.93
DV_WSC,2011,4,222.92
DV_WSC,2012,1,222.64
DV_WSC,2012,2,223.48
DV_WSC,2012,3,225.72
DV_WSC,2012,4,227.09
DV_WSC,2013,1,228.20
DV_WSC,2013,2,231.38
DV_WSC,2013,3,234.29
DV_WSC,2013,4,235.97
DV_WSC,2014,1,239.10
DV_WSC,2014,2,243.66
DV_WSC,2014,3,247.63
DV_WSC,2014,4,250.03
DV_WSC,2015,1,253.15
DV_WSC,2015,2,258.18
DV_WSC,2015,3,262.83
DV_WSC,2015,4,264.62
DV_WSC,2016,1,267.45
DV_WSC,2016,2,273.11
DV_WSC,2016,3,277.66
DV_WSC,2016,4,279.88
DV_WSC,2017,1,282.86
DV_WSC,2017,2,289.43
DV_WSC,2017,3,293.17
DV_WSC,2017,4,295.44
DV_WSC,2018,1,298.46
DV_WSC,2018,2,303.69
DV_WSC,2018,3,306.96
DV_WSC,2018,4,307.95
DV_WSC,2019,1,311.54
DV_WSC,2019,2,316.22
DV_WSC,2019,3,319.96
DV_WSC,2019,4,322.35
DV_WSC,2020,1,325.86
DV_WSC,2020,2,328.41
DV_WSC,2020,3,333.06
DV_WSC,2020,4,340.17
DV_WSC,2021,1,347.39
DV_WSC,2021,2,365.59
DV_WSC,2021,3,386.82
DV_WSC,2021,4,401.50
DV_WSC,2022,1,418.12
DV_WSC,2022,2,445.15
DV_WSC,2022,3,454.68
DV_WSC,2022,4,451.71
DV_WSC,2023,1,453.10
DV_WSC,2023,2,460.10
DV_WSC,2023,3,466.22
DV_WSC,2023,4,465.63
DV_WSC,2024,1,470.64
DV_WSC,2024,2,476.93
DV_WSC,2024,3,478.41
USA,1975,1,59.94
USA,1975,2,60.86
USA,1975,3,61.27
USA,1975,4,62.24
USA,1976,1,62.77
USA,1976,2,65.41
USA,1976,3,66.56
USA,1976,4,67.26
USA,1977,1,69.52
USA,1977,2,72.73
USA,1977,3,74.39
USA,1977,4,77.22
USA,1978,1,79.57
USA,1978,2,82.76
USA,1978,3,85.19
USA,1978,4,87.47
USA,1979,1,91.41
USA,1979,2,94.50
USA,1979,3,96.49
USA,1979,4,98.21
USA,1980,1,100.00
USA,1980,2,101.67
USA,1980,3,104.46
USA,1980,4,104.57
USA,1981,1,105.20
USA,1981,2,107.42
USA,1981,3,108.86
USA,1981,4,107.50
USA,1982,1,106.14
USA,1982,2,108.80
USA,1982,3,107.01
USA,1982,4,111.69
USA,1983,1,114.44
USA,1983,2,115.95
USA,1983,3,116.97
USA,1983,4,117.67
USA,1984,1,119.44
USA,1984,2,121.05
USA,1984,3,122.17
USA,1984,4,123.16
USA,1985,1,124.91
USA,1985,2,126.78
USA,1985,3,128.75
USA,1985,4,130.19
USA,1986,1,132.72
USA,1986,2,135.51
USA,1986,3,137.57
USA,1986,4,139.70
USA,1987,1,142.47
USA,1987,2,144.68
USA,1987,3,146.35
USA,1987,4,147.30
USA,1988,1,149.60
USA,1988,2,152.60
USA,1988,3,154.19
USA,1988,4,155.59
USA,1989,1,157.41
USA,1989,2,159.57
USA,1989,3,162.97
USA,1989,4,164.32
USA,1990,1,165.25
USA,1990,2,165.94
USA,1990,3,166.97
USA,1990,4,166.32
USA,1991,1,167.69
USA,1991,2,168.81
USA,1991,3,169.14
USA,1991,4,171.50
USA,1992,1,172.82
USA,1992,2,172.78
USA,1992,3,174.76
USA,1992,4,175.63
USA,1993,1,175.71
USA,1993,2,177.39
USA,1993,3,178.83
USA,1993,4,180.30
USA,1994,1,181.43
USA,1994,2,182.50
USA,1994,3,183.26
USA,1994,4,183.10
USA,1995,1,184.06
USA,1995,2,187.09
USA,1995,3,189.97
USA,1995,4,191.43
USA,1996,1,193.58
USA,1996,2,193.89
USA,1996,3,194.76
USA,1996,4,196.28
USA,1997,1,197.91
USA,1997,2,199.54
USA,1997,3,202.25
USA,1997,4,204.88
USA,1998,1,207.95
USA,1998,2,209.81
USA,1998,3,212.75
USA,1998,4,215.26
USA,1999,1,217.52
USA,1999,2,220.43
USA,1999,3,223.56
USA,1999,4,225.85
USA,2000,1,230.17
USA,2000,2,233.92
USA,2000,3,238.19
USA,2000,4,241.83
USA,2001,1,247.82
USA,2001,2,251.98
USA,2001,3,255.89
USA,2001,4,259.05
USA,2002,1,262.76
USA,2002,2,267.25
USA,2002,3,272.55
USA,2002,4,276.42
USA,2003,1,279.78
USA,2003,2,283.20
USA,2003,3,287.58
USA,2003,4,295.71
USA,2004,1,300.36
USA,2004,2,307.70
USA,2004,3,319.43
USA,2004,4,326.27
USA,2005,1,333.76
USA,2005,2,344.47
USA,2005,3,354.92
USA,2005,4,362.95
USA,2006,1,368.70
USA,2006,2,372.48
USA,2006,3,375.54
USA,2006,4,379.39
USA,2007,1,380.81
USA,2007,2,380.56
USA,2007,3,376.31
USA,2007,4,375.08
USA,2008,1,372.32
USA,2008,2,362.93
USA,2008,3,351.48
USA,2008,4,348.24
USA,2009,1,350.81
USA,2009,2,341.62
USA,2009,3,332.70
USA,2009,4,330.17
USA,2010,1,326.23
USA,2010,2,323.26
USA,2010,3,326.41
USA,2010,4,324.08
USA,2011,1,315.08
USA,2011,2,309.54
USA,2011,3,311.85
USA,2011,4,313.28
USA,2012,1,309.99
USA,2012,2,308.58
USA,2012,3,312.70
USA,2012,4,315.15
USA,2013,1,316.71
USA,2013,2,321.54
USA,2013,3,326.13
USA,2013,4,328.72
USA,2014,1,331.42
USA,2014,2,337.85
USA,2014,3,342.73
USA,2014,4,345.51
USA,2015,1,349.31
USA,2015,2,354.99
USA,2015,3,360.01
USA,2015,4,362.90
USA,2016,1,366.25
USA,2016,2,373.09
USA,2016,3,379.74
USA,2016,4,382.69
USA,2017,1,385.42
USA,2017,2,394.04
USA,2017,3,400.10
USA,2017,4,403.42
USA,2018,1,409.09
USA,2018,2,416.61
USA,2018,3,421.72
USA,2018,4,423.16
USA,2019,1,427.90
USA,2019,2,435.04
USA,2019,3,440.59
USA,2019,4,444.50
USA,2020,1,449.66
USA,2020,2,454.17
USA,2020,3,462.16
USA,2020,4,472.31
USA,2021,1,483.72
USA,2021,2,510.60
USA,2021,3,539.04
USA,2021,4,557.56
USA,2022,1,578.00
USA,2022,2,615.93
USA,2022,3,626.00
USA,2022,4,620.54
USA,2023,1,624.05
USA,2023,2,643.31
USA,2023,3,655.30
USA,2023,4,657.26
USA,2024,1,664.67
USA,2024,2,682.33
USA,2024,3,688.42
